Media Filename,Media Caption
media/8c83194e-1027-4f21-b35c-8142bf719011.jpg,""
media/b2448055-56e5-4687-95a2-a3892569be08.jpg,""
media/f78492f2-e8a7-469e-96e8-146468f1ce0a.jpg,""
media/bf7fda7c-57a3-41a7-bbea-09bcac5ee711.jpg,""
media/c84e906e-2ab6-49d8-a814-6ff74b3d2a45.jpg,""
media/53fb6018-69f0-4a6e-8773-5714d8ea0947.jpg,""
media/30cc351d-797d-4989-b9af-363466b183b3.jpg,""
media/e69abf8a-657e-4944-a3be-28dc6eb70b73.jpg,""
media/54f81613-6b54-4ca0-95b5-01b345f0c5a5.jpg,""
media/c7ff3c71-b6a8-4865-b1e3-30e8b347a98a.jpg,""
media/29e052e1-a1e0-4944-a208-8261a998ed2f.jpg,""
media/1d6ff9a7-1519-4c86-b059-8266a3b84891.jpg,""
media/7d675046-3748-42e0-b216-c717345704d9.jpg,""
media/88041766-ab13-4186-a3d1-12c5a15d3859.jpg,""
media/1908e2bd-6e2f-4aa1-acfc-bf5e32d2eeab.jpg,""
media/6c774b2a-10fa-45f7-99a8-cc3ed9444e77.jpg,""
media/a70a1d03-5238-4bf0-b14d-d9bdea973ec0.jpg,""
media/38a6697f-9b29-47e1-a72b-7277c2f9ed4f.jpg,""
media/96c8f028-9dc7-446c-969c-5494b28ccadf.jpg,""
media/12159b9f-87ce-42a1-86e6-8f177b4b80d3.jpg,""
media/d4312900-1b55-44f7-9cc0-edfc85f935fb.jpg,""
media/38c0dc00-0e89-47ff-8e6d-92ed3f93a471.jpg,""
media/a373e166-e8ac-4e0b-b4d4-81306d782936.jpg,""
media/999f6075-f671-431f-b295-c1f5675a234a.jpg,""
media/94d73da1-8a93-4980-a152-2c4334e31cf4.jpg,""
media/adece782-e816-4157-b7e0-e3e01b9a9d84.jpg,""
media/c7b17b66-f166-49e9-b505-15614f9ec803.jpg,""
media/3c55f2d2-ab0c-470e-a27d-5e897151253a.jpg,""
media/5bbefa52-b8bc-4f49-951a-59a8e0ebcf45.jpg,""
media/7d406d72-25aa-4a86-82ee-c9b0d4ac3a5e.jpg,""
media/7e758e53-162f-4e42-b5ce-90ea133124d3.jpg,""
