Promotion Seen,Timestamp
FeedFollowOptionCoachmark,1592149812
GapActivityDetailFeatureEd,1591475267
GapActivityDetailFeatureEd,1591483753
GapActivityDetailFeatureEd,1591484242
EvergreenStatsFeatureEd,1616391186
EvergreenStatsFeatureEd,1616638663
EvergreenStatsFeatureEd,1617073643
EvergreenStatsShareFeatureEd,1648326637
NavigationTabHome,1620273005
NavigationTabMaps,1620273196
NavigationTabGroups,1620273382
NavigationTabYou,1620273011
NavigationTabYouProgress,1620273011
NavigationTabYouActivities,1620439281
NavigationTabYouProfile,1620353409
NavigationTabMapsSegments,1620273196
NavigationTabMapsRoutes,1621111366
NavigationTabMapsSaved,1621111370
NavigationTabGroupsChallenges,1620273387
NavigationTabGroupsClubs,1620273390
NavigationHomeEducationDismissed,1620273009
NavigationYouProgressEducationDismissed,1620273015
NavigationHomeEducationCoachmarkImpression,1620273005
NavigationYouProgressEducationCoachmarkImpression,1620273004
NavigationYouActivitiesEducationCoachmarkImpression,1649648391
NavigationYouActivitiesEducationCoachmarkImpression,1650252863
NavigationYouActivitiesEducationCoachmarkImpression,1650314347
NavigationYouActivitiesEducationCoachmarkImpression,1650748116
NavigationYouActivitiesEducationCoachmarkImpression,1650748238
NavigationYouActivitiesEducationCoachmarkImpression,1650952356
NavigationGroupsActiveEducationCoachmarkImpression,1620273382
NavigationTabEducationModalMapsJ2,1622767810
NavigationTabEducationModalGroupsJ2,1622770234
ActivityDetailsLeaderboardQualityCoachmark,1627420677
ActivityDetailsLeaderboardQualityCoachmark,1627420719
RecordScreenBeaconCoachmark,1661559602
MapSettingsPersonalHeatmapCoachmark,1633931681
MapVisibilityFeedCoachmarkImpression,1663201022
MapVisibilityFeedCoachmarkImpression,1663201066
MapVisibilityFeedCoachmarkImpression,1663202384
MapVisibilityFeedCoachmarkImpression,1663209913
MapVisibilityFeedCoachmarkOrModalDismissed,1663210164
MapVisibilityRowReinforcementImpression,1663518981
MapVisibilityRowReinforcementImpression,1663518982
MapVisibilityRowReinforcementImpression,1663532165
MapVisibilityRowReinforcementImpression,1663532166
MapVisibilityRowReinforcementImpression,1663532186
MapVisibilityRowReinforcementImpression,1663532187
MapVisibilityActivityCoachmarkImpression,1636657434
MapVisibilityActivityCoachmarkImpression,1639090974
MapVisibilityActivityCoachmarkDismissed,1639090980
WelcomeBackKudosCoachmarkImpression,1642637302
WelcomeBackKudosCoachmarkImpression,1642637316
WelcomeBackKudosCoachmarkImpression,1642637420
WelcomeBackKudosCoachmarkImpression,1642886757
WelcomeBackKudosCoachmarkImpression,1642968313
WelcomeBackKudosCoachmarkImpression,1642968342
WelcomeBackKudosCoachmarkImpression,1642982689
WelcomeBackKudosCoachmarkImpression,1643161691
WelcomeBackKudosCoachmarkImpression,1643246679
WelcomeBackKudosCoachmarkImpression,1643480509
WelcomeBackKudosCoachmarkImpression,1643480513
WelcomeBackKudosCoachmarkImpression,1643483839
WelcomeBackKudosCoachmarkImpression,1643956193
WelcomeBackKudosCoachmarkImpression,1644824933
WelcomeBackKudosCoachmarkImpression,1645512460
RouteFromActivityMoreOptionsButtonCoachmark,1637705887
RouteFromActivitySaveButtonCoachmark,1643956412
MapVisibilitySettingCogCoachmark,1644801219
MapVisibilityNewLabelCoachmark,1663518928
MapVisibilitySettingRowCoachmark,1663518929
Map3dEducationVisibility,1644180856
RouteLongPressCoachmark,1657338715
MentionsSettingCogCoachmark,1654925073
MentionsNewLabelCoachmark,1663518928
MentionsSettingRowCoachmark,1663518929
DirtSportsSportPicker,1656307742
DirtSportsSportPicker,1657338718
DirtSportsSportPicker,1658006233
MapsTabDirtSports,1654925088
Tdf2022FeedFollow,1656215781
Tdf2022FeedFollow,1656215843
Tdf2022FeedFollow,1656215858
Tdf2022FeedFollow,1656487329
Tdf2022FeedFollow,1656487343
Tdf2022FeedFollow,1656723327
Tdf2022FeedFollow,1656779122
Tdf2022FeedFollow,1657302564
Tdf2022FeedFollow,1657338683
Tdf2022FeedFollow,1657496631
Tdf2022FeedFollow,1658006199
Tdf2022FeedFollow,1658006237
Tdf2022FeedFollow,1658204619
Tdf2022FeedFollow,1658215143
Tdf2022FeedFollow,1658515824
OfflineMapsFirstTimeExperience,1657338724
OfflineMapsFirstTimeExperience,1658114558
OfflineMapsFirstTimeExperience,1658255060
OfflineMapsFirstTimeExperience,1658515871
OfflineMapsFirstTimeExperience,1659066003
OfflineMapsFirstTimeExperience,1659075336
OfflineMapsFirstTimeExperience,1660584111
OfflineMapsFirstTimeExperience,1660621349
OfflineMapsFirstTimeExperience,1661393475
OfflineMapsFirstTimeExperience,1661574650
OfflineMapsFirstTimeExperience,1661791087
OfflineMapsFirstTimeExperience,1662076989
OfflineMapsFirstTimeExperience,1662080877
OfflineMapsFirstTimeExperience,1662774461
OfflineMapsFirstTimeExperience,1662791273
OfflineMapsFirstTimeExperience,1664665785
OfflineMapsFirstTimeExperience,1666662624
OfflineMapsFirstTimeExperience,1666797258
OfflineMapsFirstTimeExperience,1669080694
OfflineMapsFirstTimeExperience,1669080930
OfflineMapsFirstTimeExperience,1669157651
OfflineMapsFirstTimeExperience,1669318231
OfflineMapsFirstTimeExperience,1670014007
OfflineMapsFirstTimeExperience,1670014084
OfflineMapsFirstTimeExperience,1670479717
OfflineMapsFirstTimeExperience,1670479969
OfflineMapsFirstTimeExperience,1670480006
OfflineMapsFirstTimeExperience,1670742517
OfflineMapsFirstTimeExperience,1671051276
OfflineMapsFirstTimeExperience,1671065325
OfflineMapsFirstTimeExperience,1671231361
OfflineMapsFirstTimeExperience,1672525058
OfflineMapsFirstTimeExperience,1674455103
OfflineMapsFirstTimeExperience,1674501252
OfflineMapsFirstTimeExperience,1674501448
OfflineMapsFirstTimeExperience,1674523992
OfflineMapsFirstTimeExperience,1674709229
OfflineMapsFirstTimeExperience,1674717051
OfflineMapsFirstTimeExperience,1674932761
OfflineMapsFirstTimeExperience,1679427513
OfflineMapsFirstTimeExperience,1679448731
OfflineMapsFirstTimeExperience,1679685873
OfflineMapsFirstTimeExperience,1679705281
OfflineMapsFirstTimeExperience,1682952273
OfflineMapsFirstTimeExperience,1683420489
OfflineMapsFirstTimeExperience,1683430921
OfflineMapsFirstTimeExperience,1685208420
OfflineMapsFirstTimeExperience,1685418331
OfflineMapsFirstTimeExperience,1685470751
OfflineMapsFirstTimeExperience,1685470954
OfflineMapsFirstTimeExperience,1685591925
OfflineMapsFirstTimeExperience,1685772932
OfflineMapsFirstTimeExperience,1686288730
OfflineMapsFirstTimeExperience,1686934574
OfflineMapsFirstTimeExperience,1690235084
OfflineMapsFirstTimeExperience,1690238994
OfflineMapsFirstTimeExperience,1690347587
OfflineMapsFirstTimeExperience,1690428800
OfflineMapsFirstTimeExperience,1691288856
OfflineMapsFirstTimeExperience,1693235839
OfflineMapsFirstTimeExperience,1693235854
OfflineMapsFirstTimeExperience,1693235863
OfflineMapsFirstTimeExperience,1698444147
OfflineMapsFirstTimeExperience,1699078549
OfflineMapsFirstTimeExperience,1699078557
OfflineMapsFirstTimeExperience,1701066250
OfflineMapsFirstTimeExperience,1701280095
OfflineMapsFirstTimeExperience,1701452185
OfflineMapsFirstTimeExperience,1701727345
OfflineMapsFirstTimeExperience,1701797154
OfflineMapsFirstTimeExperience,1701970558
OfflineMapsFirstTimeExperience,1702063830
OfflineMapsFirstTimeExperience,1702661290
OfflineMapsFirstTimeExperience,1702835917
OfflineMapsFirstTimeExperience,1703364596
OfflineMapsFirstTimeExperience,1704497763
OfflineMapsFirstTimeExperience,1704497818
OfflineMapsFirstTimeExperience,1704497855
OfflineMapsFirstTimeExperience,1705171380
OfflineMapsFirstTimeExperience,1705171388
OfflineMapsFirstTimeExperience,1705171394
OfflineMapsFirstTimeExperience,1707886981
OfflineMapsFirstTimeExperience,1709105125
OfflineMapsFirstTimeExperience,1709489821
FollowingFeedDoradoCooldown,1658889013
FollowingFeedDoradoCooldown,1658889014
FollowingFeedDoradoCooldown,1658889261
FollowingFeedDoradoCooldown,1658889262
FollowingFeedDoradoCooldown,1658889263
FollowingFeedDoradoCooldown,1659063791
FollowingFeedDoradoCooldown,1659063792
FollowingFeedDoradoCooldown,1659065981
FollowingFeedDoradoCooldown,1659065982
FollowingFeedDoradoCooldown,1659065999
FollowingFeedDoradoCooldown,1659066000
FollowingFeedDoradoCooldown,1659075335
FollowingFeedDoradoCooldown,1659075336
FollowingFeedDoradoCooldown,1659210803
FollowingFeedDoradoCooldown,1659210804
FollowingFeedDoradoCooldown,1659223842
FollowingFeedDoradoCooldown,1659223843
FollowingFeedDoradoCooldown,1659293747
FollowingFeedDoradoCooldown,1659296954
FollowingFeedDoradoCooldown,1659369818
FollowingFeedDoradoCooldown,1659369819
FollowingFeedDoradoCooldown,1659399820
FollowingFeedDoradoCooldown,1659399821
FollowingFeedDoradoCooldown,1659411752
FollowingFeedDoradoCooldown,1659411753
FollowingFeedDoradoCooldown,1659411842
FollowingFeedDoradoCooldown,1659411843
FollowingFeedDoradoCooldown,1659411859
FollowingFeedDoradoCooldown,1659411860
FollowingFeedDoradoCooldown,1659411874
FollowingFeedDoradoCooldown,1659411875
FollowingFeedDoradoCooldown,1659494482
FollowingFeedDoradoCooldown,1659545679
FollowingFeedDoradoCooldown,1659545680
FollowingFeedDoradoCooldown,1659548332
FollowingFeedDoradoCooldown,1659548333
FollowingFeedDoradoCooldown,1659548334
FollowingFeedDoradoCooldown,1659556057
FollowingFeedDoradoCooldown,1659556058
FollowingFeedDoradoCooldown,1659556059
FollowingFeedDoradoCooldown,1659556060
FollowingFeedDoradoCooldown,1659556070
FollowingFeedDoradoCooldown,1659556182
FollowingFeedDoradoCooldown,1659556183
FollowingFeedDoradoCooldown,1659556186
FollowingFeedDoradoCooldown,1659556187
FollowingFeedDoradoCooldown,1659558319
FollowingFeedDoradoCooldown,1659558320
FollowingFeedDoradoCooldown,1659558325
FollowingFeedDoradoCooldown,1659558326
FollowingFeedDoradoCooldown,1659558331
FollowingFeedDoradoCooldown,1659558332
FollowingFeedDoradoCooldown,1659558390
FollowingFeedDoradoCooldown,1659561069
FollowingFeedDoradoCooldown,1659662101
FollowingFeedDoradoCooldown,1659662102
FollowingFeedDoradoCooldown,1659704954
FollowingFeedDoradoCooldown,1659704955
FollowingFeedDoradoCooldown,1659733494
FollowingFeedDoradoCooldown,1659733495
FollowingFeedDoradoCooldown,1659733497
FollowingFeedDoradoCooldown,1659743717
FollowingFeedDoradoCooldown,1659759609
FollowingFeedDoradoCooldown,1659759610
FollowingFeedDoradoCooldown,1659759612
FollowingFeedDoradoCooldown,1659764308
FollowingFeedDoradoCooldown,1659764309
FollowingFeedDoradoCooldown,1659813399
FollowingFeedDoradoCooldown,1659813400
FollowingFeedDoradoCooldown,1659815139
FollowingFeedDoradoCooldown,1659815160
FollowingFeedDoradoCooldown,1659815161
FollowingFeedDoradoCooldown,1659848728
FollowingFeedDoradoCooldown,1659848730
FollowingFeedDoradoCooldown,1659848731
FollowingFeedDoradoCooldown,1659848743
FollowingFeedDoradoCooldown,1659877463
FollowingFeedDoradoCooldown,1659877466
FollowingFeedDoradoCooldown,1659915354
FollowingFeedDoradoCooldown,1659915355
FollowingFeedDoradoCooldown,1660095285
FollowingFeedDoradoCooldown,1660095286
FollowingFeedDoradoCooldown,1660176092
FollowingFeedDoradoCooldown,1660176093
FollowingFeedDoradoCooldown,1660176159
FollowingFeedDoradoCooldown,1660176160
FollowingFeedDoradoCooldown,1660176171
FollowingFeedDoradoCooldown,1660176172
FollowingFeedDoradoCooldown,1660242227
FollowingFeedDoradoCooldown,1660242228
FollowingFeedDoradoCooldown,1660249854
FollowingFeedDoradoCooldown,1660249855
FollowingFeedDoradoCooldown,1660369289
FollowingFeedDoradoCooldown,1660369290
FollowingFeedDoradoCooldown,1660369316
FollowingFeedDoradoCooldown,1660369317
FollowingFeedDoradoCooldown,1660437353
FollowingFeedDoradoCooldown,1660437354
FollowingFeedDoradoCooldown,1660437356
FollowingFeedDoradoCooldown,1660437357
FollowingFeedDoradoCooldown,1660444638
FollowingFeedDoradoCooldown,1660444639
FollowingFeedDoradoCooldown,1660444643
FollowingFeedDoradoCooldown,1660444644
FollowingFeedDoradoCooldown,1660449384
FollowingFeedDoradoCooldown,1660449386
FollowingFeedDoradoCooldown,1660525765
FollowingFeedDoradoCooldown,1660525766
FollowingFeedDoradoCooldown,1660525768
FollowingFeedDoradoCooldown,1660525769
FollowingFeedDoradoCooldown,1660526215
FollowingFeedDoradoCooldown,1660530892
FollowingFeedDoradoCooldown,1660530893
FollowingFeedDoradoCooldown,1660584058
FollowingFeedDoradoCooldown,1660584059
FollowingFeedDoradoCooldown,1660584108
FollowingFeedDoradoCooldown,1660584347
FollowingFeedDoradoCooldown,1660605603
FollowingFeedDoradoCooldown,1660605604
FollowingFeedDoradoCooldown,1660605666
FollowingFeedDoradoCooldown,1660617137
FollowingFeedDoradoCooldown,1660617138
FollowingFeedDoradoCooldown,1660619636
FollowingFeedDoradoCooldown,1660619637
FollowingFeedDoradoCooldown,1660621344
FollowingFeedDoradoCooldown,1660621345
FollowingFeedDoradoCooldown,1660621366
FollowingFeedDoradoCooldown,1660622591
FollowingFeedDoradoCooldown,1660622592
FollowingFeedDoradoCooldown,1660836567
FollowingFeedDoradoCooldown,1660836568
FollowingFeedDoradoCooldown,1661291444
FollowingFeedDoradoCooldown,1661291445
FollowingFeedDoradoCooldown,1661291448
FollowingFeedDoradoCooldown,1661291449
FollowingFeedDoradoCooldown,1661388090
FollowingFeedDoradoCooldown,1661388091
FollowingFeedDoradoCooldown,1661388262
FollowingFeedDoradoCooldown,1661388263
FollowingFeedDoradoCooldown,1661388268
FollowingFeedDoradoCooldown,1661388269
FollowingFeedDoradoCooldown,1661393469
FollowingFeedDoradoCooldown,1661393470
FollowingFeedDoradoCooldown,1661396189
FollowingFeedDoradoCooldown,1661396190
FollowingFeedDoradoCooldown,1661485912
FollowingFeedDoradoCooldown,1661485913
FollowingFeedDoradoCooldown,1661485929
FollowingFeedDoradoCooldown,1661485930
FollowingFeedDoradoCooldown,1661559544
FollowingFeedDoradoCooldown,1661559545
FollowingFeedDoradoCooldown,1661562278
FollowingFeedDoradoCooldown,1661562279
FollowingFeedDoradoCooldown,1661562281
FollowingFeedDoradoCooldown,1661562284
FollowingFeedDoradoCooldown,1661562285
FollowingFeedDoradoCooldown,1661574622
FollowingFeedDoradoCooldown,1661574626
FollowingFeedDoradoCooldown,1661608489
FollowingFeedDoradoCooldown,1661608490
FollowingFeedDoradoCooldown,1661654931
FollowingFeedDoradoCooldown,1661654932
FollowingFeedDoradoCooldown,1661654933
FollowingFeedDoradoCooldown,1661654934
FollowingFeedDoradoCooldown,1661724599
FollowingFeedDoradoCooldown,1661724600
FollowingFeedDoradoCooldown,1661727356
FollowingFeedDoradoCooldown,1661727357
FollowingFeedDoradoCooldown,1661727363
FollowingFeedDoradoCooldown,1661727364
FollowingFeedDoradoCooldown,1661740565
FollowingFeedDoradoCooldown,1661740566
FollowingFeedDoradoCooldown,1661791083
FollowingFeedDoradoCooldown,1661791084
FollowingFeedDoradoCooldown,1661816732
FollowingFeedDoradoCooldown,1661816733
FollowingFeedDoradoCooldown,1661820101
FollowingFeedDoradoCooldown,1661820102
FollowingFeedDoradoCooldown,1661820103
FollowingFeedDoradoCooldown,1661820108
FollowingFeedDoradoCooldown,1661904784
FollowingFeedDoradoCooldown,1661904785
FollowingFeedDoradoCooldown,1661907532
FollowingFeedDoradoCooldown,1661907533
FollowingFeedDoradoCooldown,1661907534
FollowingFeedDoradoCooldown,1661907538
FollowingFeedDoradoCooldown,1661907539
FollowingFeedDoradoCooldown,1661970034
FollowingFeedDoradoCooldown,1661970035
FollowingFeedDoradoCooldown,1661974917
FollowingFeedDoradoCooldown,1661974923
FollowingFeedDoradoCooldown,1661974924
FollowingFeedDoradoCooldown,1661974930
FollowingFeedDoradoCooldown,1661976868
FollowingFeedDoradoCooldown,1661976869
FollowingFeedDoradoCooldown,1662076940
FollowingFeedDoradoCooldown,1662076942
FollowingFeedDoradoCooldown,1662076943
FollowingFeedDoradoCooldown,1662076944
FollowingFeedDoradoCooldown,1662076946
FollowingFeedDoradoCooldown,1662076947
FollowingFeedDoradoCooldown,1662079699
FollowingFeedDoradoCooldown,1662079700
FollowingFeedDoradoCooldown,1662080875
FollowingFeedDoradoCooldown,1662080876
FollowingFeedDoradoCooldown,1662080901
FollowingFeedDoradoCooldown,1662080902
FollowingFeedDoradoCooldown,1662080911
FollowingFeedDoradoCooldown,1662080912
FollowingFeedDoradoCooldown,1662161659
FollowingFeedDoradoCooldown,1662161661
FollowingFeedDoradoCooldown,1662165120
FollowingFeedDoradoCooldown,1662165121
FollowingFeedDoradoCooldown,1662165122
FollowingFeedDoradoCooldown,1662165123
FollowingFeedDoradoCooldown,1662165127
FollowingFeedDoradoCooldown,1662165128
FollowingFeedDoradoCooldown,1662327196
FollowingFeedDoradoCooldown,1662327197
FollowingFeedDoradoCooldown,1662327253
FollowingFeedDoradoCooldown,1662327387
FollowingFeedDoradoCooldown,1662327388
FollowingFeedDoradoCooldown,1662490046
FollowingFeedDoradoCooldown,1662490047
FollowingFeedDoradoCooldown,1662491307
FollowingFeedDoradoCooldown,1662491308
FollowingFeedDoradoCooldown,1662491309
FollowingFeedDoradoCooldown,1662491312
FollowingFeedDoradoCooldown,1662491313
FollowingFeedDoradoCooldown,1662493090
FollowingFeedDoradoCooldown,1662493091
FollowingFeedDoradoCooldown,1662494235
FollowingFeedDoradoCooldown,1662495655
FollowingFeedDoradoCooldown,1662495656
FollowingFeedDoradoCooldown,1662495667
FollowingFeedDoradoCooldown,1662495668
FollowingFeedDoradoCooldown,1662495672
FollowingFeedDoradoCooldown,1662495673
FollowingFeedDoradoCooldown,1662662942
FollowingFeedDoradoCooldown,1662662943
FollowingFeedDoradoCooldown,1662667335
FollowingFeedDoradoCooldown,1662667336
FollowingFeedDoradoCooldown,1662667337
FollowingFeedDoradoCooldown,1662667362
FollowingFeedDoradoCooldown,1662667364
FollowingFeedDoradoCooldown,1662761113
FollowingFeedDoradoCooldown,1662761114
FollowingFeedDoradoCooldown,1662767810
FollowingFeedDoradoCooldown,1662767811
FollowingFeedDoradoCooldown,1662774326
FollowingFeedDoradoCooldown,1662774458
FollowingFeedDoradoCooldown,1662791272
FollowingFeedDoradoCooldown,1662791273
FollowingFeedDoradoCooldown,1663201021
FollowingFeedDoradoCooldown,1663201022
FollowingFeedDoradoCooldown,1663201066
FollowingFeedDoradoCooldown,1663201067
FollowingFeedDoradoCooldown,1663202383
FollowingFeedDoradoCooldown,1663202799
FollowingFeedDoradoCooldown,1663209913
FollowingFeedDoradoCooldown,1663210156
FollowingFeedDoradoCooldown,1663351339
FollowingFeedDoradoCooldown,1663351341
FollowingFeedDoradoCooldown,1663518925
FollowingFeedDoradoCooldown,1663518926
FollowingFeedDoradoCooldown,1663518981
FollowingFeedDoradoCooldown,1663518982
FollowingFeedDoradoCooldown,1663532165
FollowingFeedDoradoCooldown,1663532166
FollowingFeedDoradoCooldown,1663532186
FollowingFeedDoradoCooldown,1663532187
FollowingFeedDoradoCooldown,1663532209
FollowingFeedDoradoCooldown,1663532210
FollowingFeedDoradoCooldown,1663898737
FollowingFeedDoradoCooldown,1663898738
FollowingFeedDoradoCooldown,1663898789
FollowingFeedDoradoCooldown,1663898790
FollowingFeedDoradoCooldown,1663898803
FollowingFeedDoradoCooldown,1663898804
FollowingFeedDoradoCooldown,1663963300
FollowingFeedDoradoCooldown,1663963301
FollowingFeedDoradoCooldown,1664048316
FollowingFeedDoradoCooldown,1664048317
FollowingFeedDoradoCooldown,1664254685
FollowingFeedDoradoCooldown,1664254686
FollowingFeedDoradoCooldown,1664254688
FollowingFeedDoradoCooldown,1664254689
FollowingFeedDoradoCooldown,1664517359
FollowingFeedDoradoCooldown,1664517360
FollowingFeedDoradoCooldown,1664517424
FollowingFeedDoradoCooldown,1664517425
FollowingFeedDoradoCooldown,1664520244
FollowingFeedDoradoCooldown,1664520248
FollowingFeedDoradoCooldown,1664549450
FollowingFeedDoradoCooldown,1664549452
FollowingFeedDoradoCooldown,1664665634
FollowingFeedDoradoCooldown,1664665635
FollowingFeedDoradoCooldown,1665014137
FollowingFeedDoradoCooldown,1665014138
FollowingFeedDoradoCooldown,1665014149
FollowingFeedDoradoCooldown,1665014150
FollowingFeedDoradoCooldown,1665019632
FollowingFeedDoradoCooldown,1665019633
FollowingFeedDoradoCooldown,1665019647
FollowingFeedDoradoCooldown,1665019648
FollowingFeedDoradoCooldown,1665037962
FollowingFeedDoradoCooldown,1665037963
FollowingFeedDoradoCooldown,1665115165
FollowingFeedDoradoCooldown,1665115166
FollowingFeedDoradoCooldown,1665115251
FollowingFeedDoradoCooldown,1665183849
FollowingFeedDoradoCooldown,1665183850
FollowingFeedDoradoCooldown,1665422622
FollowingFeedDoradoCooldown,1665422623
FollowingFeedDoradoCooldown,1665422643
FollowingFeedDoradoCooldown,1665422644
FollowingFeedDoradoCooldown,1665628058
FollowingFeedDoradoCooldown,1665628059
FollowingFeedDoradoCooldown,1676424845
FollowingFeedDoradoCooldown,1676424846
FollowingFeedDoradoCooldown,1676510395
FollowingFeedDoradoCooldown,1676510396
FollowingFeedDoradoCooldown,1676832671
FollowingFeedDoradoCooldown,1676932282
FollowingFeedDoradoCooldown,1676932283
FollowingFeedDoradoCooldown,1676942890
FollowingFeedDoradoCooldown,1676942891
FollowingFeedDoradoCooldown,1677026597
CommentNotificationCoachmark,1660176096
NewVarietySports,1663532179
FollowModeCoachmark,1661904795
WebMediaUploaderFeatureEd,1670030060
WebMediaUploaderFeatureEd,1670030106
WebMediaUploaderFeatureEd,1678994869
WebMediaUploaderFeatureEd,1721952714
WebMediaUploaderFeatureEd2,1670030048
WebMediaUploaderFeatureEd2,1670030115
WebMediaUploaderFeatureEd2,1671657258
WebMediaUploaderFeatureEd2,1673114949
FollowingFeedDoradoCooldownSix,1682280866
FollowingFeedDoradoCooldownSix,1682280867
FollowingFeedDoradoCooldownSix,1682288511
FollowingFeedDoradoCooldownSix,1682288512
FollowingFeedDoradoCooldownSix,1682292699
FollowingFeedDoradoCooldownSix,1682292700
FollowingFeedDoradoCooldownSix,1682387578
FollowingFeedDoradoCooldownSix,1682393994
FollowingFeedDoradoCooldownSix,1682464867
FollowingFeedDoradoCooldownSix,1682464868
FollowingFeedDoradoCooldownSix,1682464870
FollowingFeedDoradoCooldownSix,1682465784
FollowingFeedDoradoCooldownSix,1682563417
FollowingFeedDoradoCooldownSix,1682563418
FollowingFeedDoradoCooldownSix,1682563442
FollowingFeedDoradoCooldownSix,1682563443
FollowingFeedDoradoCooldownSix,1682563449
FollowingFeedDoradoCooldownSix,1682563450
FollowingFeedDoradoCooldownSix,1682666641
FollowingFeedDoradoCooldownSix,1682666642
FollowingFeedDoradoCooldownSix,1682690247
FollowingFeedDoradoCooldownSix,1682690248
FollowingFeedDoradoCooldownSix,1682691136
FollowingFeedDoradoCooldownSix,1682691138
FollowingFeedDoradoCooldownSix,1682798795
FollowingFeedDoradoCooldownSix,1682798796
FollowingFeedDoradoCooldownSix,1682798800
FollowingFeedDoradoCooldownSix,1682798801
FollowingFeedDoradoCooldownSix,1682798805
FollowingFeedDoradoCooldownSix,1682798806
FollowingFeedDoradoCooldownSix,1682952252
FollowingFeedDoradoCooldownSix,1682952253
FollowingFeedDoradoCooldownSix,1683080262
FollowingFeedDoradoCooldownSix,1683080263
FollowingFeedDoradoCooldownSix,1683162563
FollowingFeedDoradoCooldownSix,1683162564
FollowingFeedDoradoCooldownSix,1683247074
FollowingFeedDoradoCooldownSix,1683247075
FollowingFeedDoradoCooldownSix,1683420485
FollowingFeedDoradoCooldownSix,1683420486
FollowingFeedDoradoCooldownSix,1683421819
FollowingFeedDoradoCooldownSix,1683421820
FollowingFeedDoradoCooldownSix,1683430919
FollowingFeedDoradoCooldownSix,1683430920
FollowingFeedDoradoCooldownSix,1683673106
FollowingFeedDoradoCooldownSix,1683673107
FollowingFeedDoradoCooldownSix,1683761839
FollowingFeedDoradoCooldownSix,1683761840
FollowingFeedDoradoCooldownSix,1683848217
FollowingFeedDoradoCooldownSix,1683848218
FollowingFeedDoradoCooldownSix,1684017429
FollowingFeedDoradoCooldownSix,1684017430
FollowingFeedDoradoCooldownSix,1684017471
FollowingFeedDoradoCooldownSix,1684017472
FollowingFeedDoradoCooldownSix,1684017473
FollowingFeedDoradoCooldownSix,1684017474
FollowingFeedDoradoCooldownSix,1684126416
FollowingFeedDoradoCooldownSix,1684126417
FollowingFeedDoradoCooldownSix,1684163601
FollowingFeedDoradoCooldownSix,1684163602
FollowingFeedDoradoCooldownSix,1684175861
FollowingFeedDoradoCooldownSix,1684175862
FollowingFeedDoradoCooldownSix,1684276636
FollowingFeedDoradoCooldownSix,1684276637
FollowingFeedDoradoCooldownSix,1684447527
FollowingFeedDoradoCooldownSix,1684447528
FollowingFeedDoradoCooldownSix,1684623916
FollowingFeedDoradoCooldownSix,1684623917
FollowingFeedDoradoCooldownSix,1684684991
FollowingFeedDoradoCooldownSix,1684684992
FollowingFeedDoradoCooldownSix,1684703654
FollowingFeedDoradoCooldownSix,1684703655
FollowingFeedDoradoCooldownSix,1684734068
FollowingFeedDoradoCooldownSix,1684734069
FollowingFeedDoradoCooldownSix,1684974503
FollowingFeedDoradoCooldownSix,1684974504
FollowingFeedDoradoCooldownSix,1684974520
FollowingFeedDoradoCooldownSix,1684974538
FollowingFeedDoradoCooldownSix,1684974539
FollowingFeedDoradoCooldownSix,1685208416
FollowingFeedDoradoCooldownSix,1685208418
FollowingFeedDoradoCooldownSix,1685209589
FollowingFeedDoradoCooldownSix,1685209590
FollowingFeedDoradoCooldownSix,1685301666
FollowingFeedDoradoCooldownSix,1685301667
FollowingFeedDoradoCooldownSix,1685333608
FollowingFeedDoradoCooldownSix,1685333611
FollowingFeedDoradoCooldownSix,1685408327
FollowingFeedDoradoCooldownSix,1685408328
FollowingFeedDoradoCooldownSix,1685408333
FollowingFeedDoradoCooldownSix,1685418323
FollowingFeedDoradoCooldownSix,1685470745
FollowingFeedDoradoCooldownSix,1685470746
FollowingFeedDoradoCooldownSix,1685511353
FollowingFeedDoradoCooldownSix,1685511354
FollowingFeedDoradoCooldownSix,1685591918
FollowingFeedDoradoCooldownSix,1685591919
FollowingFeedDoradoCooldownSix,1685595752
FollowingFeedDoradoCooldownSix,1685596707
FollowingFeedDoradoCooldownSix,1685659298
FollowingFeedDoradoCooldownSix,1685659299
FollowingFeedDoradoCooldownSix,1685772895
FollowingFeedDoradoCooldownSix,1685772896
FollowingFeedDoradoCooldownSix,1685772897
FollowingFeedDoradoCooldownSix,1685772898
FollowingFeedDoradoCooldownSix,1685772916
FollowingFeedDoradoCooldownSix,1685772929
FollowingFeedDoradoCooldownSix,1685933710
FollowingFeedDoradoCooldownSix,1685933711
FollowingFeedDoradoCooldownSix,1685939560
FollowingFeedDoradoCooldownSix,1685939561
FollowingFeedDoradoCooldownSix,1685941685
FollowingFeedDoradoCooldownSix,1686013937
FollowingFeedDoradoCooldownSix,1686202039
FollowingFeedDoradoCooldownSix,1686202040
FollowingFeedDoradoCooldownSix,1686202042
FollowingFeedDoradoCooldownSix,1686202043
FollowingFeedDoradoCooldownSix,1686202057
FollowingFeedDoradoCooldownSix,1686202060
FollowingFeedDoradoCooldownSix,1686288525
FollowingFeedDoradoCooldownSix,1686288526
FollowingFeedDoradoCooldownSix,1686288538
FollowingFeedDoradoCooldownSix,1686288539
FollowingFeedDoradoCooldownSix,1686288726
FollowingFeedDoradoCooldownSix,1686288727
FollowingFeedDoradoCooldownSix,1686414638
FollowingFeedDoradoCooldownSix,1686414640
FollowingFeedDoradoCooldownSix,1686704571
FollowingFeedDoradoCooldownSix,1686704572
FollowingFeedDoradoCooldownSix,1686716979
FollowingFeedDoradoCooldownSix,1686716980
FollowingFeedDoradoCooldownSix,1686716981
FollowingFeedDoradoCooldownSix,1686716982
FollowingFeedDoradoCooldownSix,1686934569
FollowingFeedDoradoCooldownSix,1686934570
FollowingFeedDoradoCooldownSix,1687205676
FollowingFeedDoradoCooldownSix,1687205677
FollowingFeedDoradoCooldownSix,1687205760
FollowingFeedDoradoCooldownSix,1687205761
FollowingFeedDoradoCooldownSix,1687205789
FollowingFeedDoradoCooldownSix,1687205790
FollowingFeedDoradoCooldownSix,1687310783
FollowingFeedDoradoCooldownSix,1687310784
FollowingFeedDoradoCooldownSix,1687403022
FollowingFeedDoradoCooldownSix,1687403023
FollowingFeedDoradoCooldownSix,1687486117
FollowingFeedDoradoCooldownSix,1687486118
FollowingFeedDoradoCooldownSix,1687487143
FollowingFeedDoradoCooldownSix,1687487144
FollowingFeedDoradoCooldownSix,1687551990
FollowingFeedDoradoCooldownSix,1687551991
FollowingFeedDoradoCooldownSix,1687637910
FollowingFeedDoradoCooldownSix,1687637911
FollowingFeedDoradoCooldownSix,1687638428
FollowingFeedDoradoCooldownSix,1687638429
FollowingFeedDoradoCooldownSix,1687652447
FollowingFeedDoradoCooldownSix,1687652450
FollowingFeedDoradoCooldownSix,1687749517
FollowingFeedDoradoCooldownSix,1687749518
FollowingFeedDoradoCooldownSix,1687910046
FollowingFeedDoradoCooldownSix,1687910047
FollowingFeedDoradoCooldownSix,1687910062
FollowingFeedDoradoCooldownSix,1687910063
FollowingFeedDoradoCooldownSix,1687910075
FollowingFeedDoradoCooldownSix,1687910076
FollowingFeedDoradoCooldownSix,1688001739
FollowingFeedDoradoCooldownSix,1688001740
FollowingFeedDoradoCooldownSix,1688313959
FollowingFeedDoradoCooldownSix,1688313960
FollowingFeedDoradoCooldownSix,1688444697
FollowingFeedDoradoCooldownSix,1689218223
FollowingFeedDoradoCooldownSix,1689218224
FollowingFeedDoradoCooldownSix,1689531632
FollowingFeedDoradoCooldownSix,1689531633
FollowingFeedDoradoCooldownSix,1689793827
FollowingFeedDoradoCooldownSix,1689793828
FollowingFeedDoradoCooldownSix,1690152184
FollowingFeedDoradoCooldownSix,1690152185
FollowingFeedDoradoCooldownSix,1690235071
FollowingFeedDoradoCooldownSix,1690235072
FollowingFeedDoradoCooldownSix,1690235101
FollowingFeedDoradoCooldownSix,1690235102
FollowingFeedDoradoCooldownSix,1690238991
FollowingFeedDoradoCooldownSix,1690238992
FollowingFeedDoradoCooldownSix,1690347536
FollowingFeedDoradoCooldownSix,1690347537
FollowingFeedDoradoCooldownSix,1690348540
FollowingFeedDoradoCooldownSix,1690409072
FollowingFeedDoradoCooldownSix,1690409073
FollowingFeedDoradoCooldownSix,1690409089
FollowingFeedDoradoCooldownSix,1690570590
FollowingFeedDoradoCooldownSix,1690570591
FollowingFeedDoradoCooldownSix,1690571342
FollowingFeedDoradoCooldownSix,1690575981
FollowingFeedDoradoCooldownSix,1690575982
FollowingFeedDoradoCooldownSix,1690576029
FollowingFeedDoradoCooldownSix,1690728431
FollowingFeedDoradoCooldownSix,1690728432
FollowingFeedDoradoCooldownSix,1690728702
FollowingFeedDoradoCooldownSix,1690728705
FollowingFeedDoradoCooldownSix,1690728706
FollowingFeedDoradoCooldownSix,1690744975
FollowingFeedDoradoCooldownSix,1691020577
FollowingFeedDoradoCooldownSix,1691020578
FollowingFeedDoradoCooldownSix,1691179108
FollowingFeedDoradoCooldownSix,1691179109
FollowingFeedDoradoCooldownSix,1691179141
FollowingFeedDoradoCooldownSix,1691179142
FollowingFeedDoradoCooldownSix,1691180955
FollowingFeedDoradoCooldownSix,1691180956
FollowingFeedDoradoCooldownSix,1691271992
FollowingFeedDoradoCooldownSix,1691271994
FollowingFeedDoradoCooldownSix,1691271998
FollowingFeedDoradoCooldownSix,1691272130
FollowingFeedDoradoCooldownSix,1691272133
FollowingFeedDoradoCooldownSix,1691274671
FollowingFeedDoradoCooldownSix,1691452212
FollowingFeedDoradoCooldownSix,1691452213
FollowingFeedDoradoCooldownSix,1691452240
FollowingFeedDoradoCooldownSix,1691806949
FollowingFeedDoradoCooldownSix,1691854186
FollowingFeedDoradoCooldownSix,1691854187
FollowingFeedDoradoCooldownSix,1691854220
FollowingFeedDoradoCooldownSix,1691986056
FollowingFeedDoradoCooldownSix,1692072725
FollowingFeedDoradoCooldownSix,1692072726
FollowingFeedDoradoCooldownSix,1692155555
FollowingFeedDoradoCooldownSix,1692155556
FollowingFeedDoradoCooldownSix,1692194541
FollowingFeedDoradoCooldownSix,1692194542
FollowingFeedDoradoCooldownSix,1692194577
FollowingFeedDoradoCooldownSix,1692194578
FollowingFeedDoradoCooldownSix,1692590819
FollowingFeedDoradoCooldownSix,1692590820
FollowingFeedDoradoCooldownSix,1692590825
FollowingFeedDoradoCooldownSix,1692674781
FollowingFeedDoradoCooldownSix,1692674782
FollowingFeedDoradoCooldownSix,1693143868
FollowingFeedDoradoCooldownSix,1693143869
FollowingFeedDoradoCooldownSix,1693235772
FollowingFeedDoradoCooldownSix,1693235773
FollowingFeedDoradoCooldownSix,1693235832
FollowingFeedDoradoCooldownSix,1693275570
FollowingFeedDoradoCooldownSix,1693275571
FollowingFeedDoradoCooldownSix,1693529645
FollowingFeedDoradoCooldownSix,1693529652
FollowingFeedDoradoCooldownSix,1693542492
FollowingFeedDoradoCooldownSix,1693542493
FollowingFeedDoradoCooldownSix,1693668264
FollowingFeedDoradoCooldownSix,1693668265
FollowingFeedDoradoCooldownSix,1693857403
FollowingFeedDoradoCooldownSix,1693857404
FollowingFeedDoradoCooldownSix,1693857432
FollowingFeedDoradoCooldownSix,1693857435
FollowingFeedDoradoCooldownSix,1694046404
FollowingFeedDoradoCooldownSix,1694046405
FollowingFeedDoradoCooldownSix,1694278155
FollowingFeedDoradoCooldownSix,1694278156
FollowingFeedDoradoCooldownSix,1694307084
FollowingFeedDoradoCooldownSix,1694307085
FollowingFeedDoradoCooldownSix,1694307102
FollowingFeedDoradoCooldownSix,1694307103
FollowingFeedDoradoCooldownSix,1694478916
FollowingFeedDoradoCooldownSix,1694478917
FollowingFeedDoradoCooldownSix,1694563840
FollowingFeedDoradoCooldownSix,1694563841
FollowingFeedDoradoCooldownSix,1694973104
FollowingFeedDoradoCooldownSix,1694973105
FollowingFeedDoradoCooldownSix,1694973107
FollowingFeedDoradoCooldownSix,1694973108
FollowingFeedDoradoCooldownSix,1695013673
FollowingFeedDoradoCooldownSix,1695013674
FollowingFeedDoradoCooldownSix,1695733671
FollowingFeedDoradoCooldownSix,1695733672
FollowingFeedDoradoCooldownSix,1696128057
FollowingFeedDoradoCooldownSix,1696128058
FollowingFeedDoradoCooldownSix,1697506818
FollowingFeedDoradoCooldownSix,1697506819
FollowingFeedDoradoCooldownSix,1697506838
FollowingFeedDoradoCooldownSix,1697506839
FollowingFeedDoradoCooldownSix,1697911823
FollowingFeedDoradoCooldownSix,1697911837
FollowingFeedDoradoCooldownSix,1697911838
FollowingFeedDoradoCooldownSix,1698444135
FollowingFeedDoradoCooldownSix,1698444136
FollowingFeedDoradoCooldownSix,1698444140
FollowingFeedDoradoCooldownSix,1698450758
FollowingFeedDoradoCooldownSix,1698450759
FollowingFeedDoradoCooldownSix,1698521394
FollowingFeedDoradoCooldownSix,1698610587
FollowingFeedDoradoCooldownSix,1698886880
FollowingFeedDoradoCooldownSix,1698886882
FollowingFeedDoradoCooldownSix,1699078229
FollowingFeedDoradoCooldownSix,1699078230
FollowingFeedDoradoCooldownSix,1699078535
FollowingFeedDoradoCooldownSix,1699078536
FollowingFeedDoradoCooldownSix,1699112106
FollowingFeedDoradoCooldownSix,1700954706
FollowingFeedDoradoCooldownSix,1700954707
FollowingFeedDoradoCooldownSix,1701066190
FollowingFeedDoradoCooldownSix,1701066191
FollowingFeedDoradoCooldownSix,1701066246
FollowingFeedDoradoCooldownSix,1701068303
FollowingFeedDoradoCooldownSix,1701068304
FollowingFeedDoradoCooldownSix,1701280090
FollowingFeedDoradoCooldownSix,1701280091
FollowingFeedDoradoCooldownSix,1701452166
FollowingFeedDoradoCooldownSix,1701641420
FollowingFeedDoradoCooldownSix,1701641421
FollowingFeedDoradoCooldownSix,1701727326
FollowingFeedDoradoCooldownSix,1701727327
FollowingFeedDoradoCooldownSix,1701736247
FollowingFeedDoradoCooldownSix,1701736248
FollowingFeedDoradoCooldownSix,1701797147
FollowingFeedDoradoCooldownSix,1701896286
FollowingFeedDoradoCooldownSix,1701902270
FollowingFeedDoradoCooldownSix,1701902271
FollowingFeedDoradoCooldownSix,1701902288
FollowingFeedDoradoCooldownSix,1701902289
FollowingFeedDoradoCooldownSix,1701970548
FollowingFeedDoradoCooldownSix,1702063812
FollowingFeedDoradoCooldownSix,1702063813
FollowingFeedDoradoCooldownSix,1702081461
FollowingFeedDoradoCooldownSix,1702250854
FollowingFeedDoradoCooldownSix,1702250855
FollowingFeedDoradoCooldownSix,1702250888
FollowingFeedDoradoCooldownSix,1702250889
FollowingFeedDoradoCooldownSix,1702341570
FollowingFeedDoradoCooldownSix,1702341571
FollowingFeedDoradoCooldownSix,1702502637
FollowingFeedDoradoCooldownSix,1702502639
FollowingFeedDoradoCooldownSix,1702574808
FollowingFeedDoradoCooldownSix,1702574809
FollowingFeedDoradoCooldownSix,1705170717
FollowingFeedDoradoCooldownSix,1705170718
FollowingFeedDoradoCooldownSix,1705171375
FollowingFeedDoradoCooldownSix,1705705702
FollowingFeedDoradoCooldownSix,1706227241
FollowingFeedDoradoCooldownSix,1706227242
FollowingFeedDoradoCooldownSix,1706772685
FollowingFeedDoradoCooldownSix,1707623136
FollowingFeedDoradoCooldownSix,1707623154
FollowingFeedDoradoCooldownSix,1707623197
FollowingFeedDoradoCooldownSix,1707623213
FollowingFeedDoradoCooldownSix,1707623228
FollowingFeedDoradoCooldownSix,1707623280
FollowingFeedDoradoCooldownSix,1707623311
FollowingFeedDoradoCooldownSix,1707623312
FollowingFeedDoradoCooldownSix,1707886978
FollowingFeedDoradoCooldownSix,1708288875
FollowingFeedDoradoCooldownSix,1709105085
FollowingFeedDoradoCooldownSix,1709105090
FollowingFeedDoradoCooldownSix,1709771597
FollowingFeedDoradoCooldownSix,1709854578
FollowingFeedDoradoCooldownSix,1733460087
FollowingFeedDoradoCooldownSix,1733460104
FollowingFeedDoradoCooldownTen,1677547756
FollowingFeedDoradoCooldownTen,1677547757
FollowingFeedDoradoCooldownTen,1677608173
FollowingFeedDoradoCooldownTen,1677608174
FollowingFeedDoradoCooldownTen,1677718010
FollowingFeedDoradoCooldownTen,1677718011
FollowingFeedDoradoCooldownTen,1677718073
FollowingFeedDoradoCooldownTen,1677718074
FollowingFeedDoradoCooldownTen,1677891304
FollowingFeedDoradoCooldownTen,1677895980
FollowingFeedDoradoCooldownTen,1677895981
FollowingFeedDoradoCooldownTen,1677985093
FollowingFeedDoradoCooldownTen,1677985094
FollowingFeedDoradoCooldownTen,1677985172
FollowingFeedDoradoCooldownTen,1677985173
FollowingFeedDoradoCooldownTen,1677985188
FollowingFeedDoradoCooldownTen,1677985190
FollowingFeedDoradoCooldownTen,1678041884
FollowingFeedDoradoCooldownTen,1678041885
FollowingFeedDoradoCooldownTen,1678041927
FollowingFeedDoradoCooldownTen,1678234811
FollowingFeedDoradoCooldownTen,1678578117
FollowingFeedDoradoCooldownTen,1678578118
FollowingFeedDoradoCooldownTen,1678653059
FollowingFeedDoradoCooldownTen,1678653060
FollowingFeedDoradoCooldownTen,1678653064
FollowingFeedDoradoCooldownTen,1678653091
FollowingFeedDoradoCooldownTen,1678654316
FollowingFeedDoradoCooldownTen,1678654317
FollowingFeedDoradoCooldownTen,1678753212
FollowingFeedDoradoCooldownTen,1678753213
FollowingFeedDoradoCooldownTen,1678840768
FollowingFeedDoradoCooldownTen,1678840769
FollowingFeedDoradoCooldownTen,1678856624
FollowingFeedDoradoCooldownTen,1678856625
FollowingFeedDoradoCooldownTen,1678927163
FollowingFeedDoradoCooldownTen,1678927164
FollowingFeedDoradoCooldownTen,1679014357
FollowingFeedDoradoCooldownTen,1679186997
FollowingFeedDoradoCooldownTen,1679186998
FollowingFeedDoradoCooldownTen,1679186999
FollowingFeedDoradoCooldownTen,1679205107
FollowingFeedDoradoCooldownTen,1679205108
FollowingFeedDoradoCooldownTen,1679205141
FollowingFeedDoradoCooldownTen,1679205142
FollowingFeedDoradoCooldownTen,1679205163
FollowingFeedDoradoCooldownTen,1679205164
FollowingFeedDoradoCooldownTen,1679240442
FollowingFeedDoradoCooldownTen,1679427487
FollowingFeedDoradoCooldownTen,1679427488
FollowingFeedDoradoCooldownTen,1679448727
FollowingFeedDoradoCooldownTen,1679448730
FollowingFeedDoradoCooldownTen,1679622194
FollowingFeedDoradoCooldownTen,1679622195
FollowingFeedDoradoCooldownTen,1679642169
FollowingFeedDoradoCooldownTen,1679642170
FollowingFeedDoradoCooldownTen,1679685868
FollowingFeedDoradoCooldownTen,1679685869
FollowingFeedDoradoCooldownTen,1679705279
FollowingFeedDoradoCooldownTen,1679705280
FollowingFeedDoradoCooldownTen,1679709635
FollowingFeedDoradoCooldownTen,1679709636
FollowingFeedDoradoCooldownTen,1679806480
FollowingFeedDoradoCooldownTen,1679806481
FollowingFeedDoradoCooldownTen,1679806515
FollowingFeedDoradoCooldownTen,1679874055
FollowingFeedDoradoCooldownTen,1680049792
FollowingFeedDoradoCooldownTen,1680049793
FollowingFeedDoradoCooldownTen,1680156231
FollowingFeedDoradoCooldownTen,1680156232
FollowingFeedDoradoCooldownTen,1680213368
FollowingFeedDoradoCooldownTen,1680213369
FollowingFeedDoradoCooldownTen,1680216731
FollowingFeedDoradoCooldownTen,1680216732
FollowingFeedDoradoCooldownTen,1680216826
FollowingFeedDoradoCooldownTen,1680449179
FollowingFeedDoradoCooldownTen,1680449180
FollowingFeedDoradoCooldownTen,1680459685
FollowingFeedDoradoCooldownTen,1680459686
FollowingFeedDoradoCooldownTen,1680461565
FollowingFeedDoradoCooldownTen,1680461566
FollowingFeedDoradoCooldownTen,1680558006
FollowingFeedDoradoCooldownTen,1680558007
FollowingFeedDoradoCooldownTen,1680724119
FollowingFeedDoradoCooldownTen,1680724120
FollowingFeedDoradoCooldownTen,1680734439
FollowingFeedDoradoCooldownTen,1680734440
FollowingFeedDoradoCooldownTen,1680734463
FollowingFeedDoradoCooldownTen,1680734464
FollowingFeedDoradoCooldownTen,1680734465
FollowingFeedDoradoCooldownTen,1680734478
FollowingFeedDoradoCooldownTen,1681265500
FollowingFeedDoradoCooldownTen,1681265501
FollowingFeedDoradoCooldownTen,1681432896
FollowingFeedDoradoCooldownTen,1681432897
FollowingFeedDoradoCooldownTen,1681514681
FollowingFeedDoradoCooldownTen,1681539417
FollowingFeedDoradoCooldownTen,1681579331
FollowingFeedDoradoCooldownTen,1681579332
FollowingFeedDoradoCooldownTen,1681687643
FollowingFeedDoradoCooldownTen,1681687645
FollowingFeedDoradoCooldownTen,1681687646
FollowingFeedDoradoCooldownTen,1681687759
FollowingFeedDoradoCooldownTen,1681687760
FollowingFeedDoradoCooldownTen,1681687761
FollowingFeedDoradoCooldownTen,1681711851
FollowingFeedDoradoCooldownTen,1681711852
FollowingFeedDoradoCooldownTen,1681753599
FollowingFeedDoradoCooldownTen,1681753600
FollowingFeedDoradoCooldownTen,1681868032
FollowingFeedDoradoCooldownTen,1681868033
FollowingFeedDoradoCooldownTen,1681878658
FollowingFeedDoradoCooldownTen,1681878659
FollowingFeedDoradoCooldownTen,1681878730
FollowingFeedDoradoCooldownTen,1681878735
FollowingFeedDoradoCooldownTen,1681878736
FollowingFeedDoradoCooldownTen,1681878749
FollowingFeedDoradoCooldownTen,1681878750
FollowingFeedDoradoCooldownTen,1681941649
ActivitySaveWalkthrough,1690661161
ClubDetailV2FirstVisitModal,1701641472
NewTermsOfService,1689531633
SuggestedRoutesInFeed,1698444135
SuggestedRoutesInFeed,1698444140
SuggestedRoutesInFeed,1698450758
SuggestedRoutesInFeed,1698521394
SuggestedRoutesInFeed,1698610587
SuggestedRoutesInFeed,1698886880
SuggestedRoutesInFeed,1699078229
SuggestedRoutesInFeed,1699078536
SuggestedRoutesInFeed,1699112106
SuggestedRoutesInFeed,1700954706
SuggestedRoutesInFeed,1701452166
SuggestedRoutesInFeed,1701641420
SuggestedRoutesInFeed,1701970548
SuggestedRoutesInFeed,1701980323
SuggestedRoutesInFeed,1701980341
SuggestedRoutesInFeed,1701980343
SuggestedRoutesInFeed,1702063812
SuggestedRoutesInFeed,1702081461
SuggestedRoutesInFeed,1702250854
SuggestedRoutesInFeed,1702250888
SuggestedRoutesInFeed,1702574808
SuggestedRoutesInFeed,1702623361
SuggestedRoutesInFeed,1702661129
SuggestedRoutesInFeed,1702665228
SuggestedRoutesInFeed,1702665231
SuggestedRoutesInFeed,1702769069
SuggestedRoutesInFeed,1702835895
SuggestedRoutesInFeed,1703119374
SuggestedRoutesInFeed,1703119377
SuggestedRoutesInFeed,1703289890
SuggestedRoutesInFeed,1703300318
SuggestedRoutesInFeed,1703364588
SuggestedRoutesInFeed,1703369454
SuggestedRoutesInFeed,1703901161
SuggestedRoutesInFeed,1704339186
SuggestedRoutesInFeed,1704339204
SuggestedRoutesInFeed,1704497754
SuggestedRoutesInFeed,1705170717
SuggestedRoutesInFeed,1705705702
SuggestedRoutesInFeed,1708288875
SuggestedRoutesInFeed,1733460087
SuggestedRoutesInFeed,1733460104
YouTabProfileMove,1702623367
SubscriptionFeatureShowcase,1697911823
NycmLeadup2023,1697506818
NycmLeadup2023,1697506838
NycmLeadup2023,1697911823
NycmLeadup2023,1698444135
NycmLeadup2023,1698444140
NycmLeadup2023,1698521394
NycmRaceWeek2023,1698886880
NycmRaceWeek2023,1699078229
RecordScreenSpotifyCoachmark,1722456144
ChatShareActivityInMessageCoachmark,1702623419
ChatFeatureTryCtaImpression,1701736249
YiSFeedCarousel2023,1702623361
YiSFeedCarousel2023,1702661129
YiSFeedCarousel2023,1702665228
YiSFeedCarousel2023,1702665230
YiSFeedCarousel2023,1703289890
YiSFeedCarousel2023,1703300318
YiSFeedCarousel2023,1703364588
YiSFeedCarousel2023,1703369454
YiSFeedCarousel2023,1703901161
YiSFeedCarousel2023,1704090424
ActivityDetailsShareCoachmark,1715447473
ActivityQuickEdit,1732983474
ActivityQuickEdit,1732983496
ActivityQuickEdit,1732983509
ActivityQuickEdit,1732983515
ActivityQuickEdit,1732983528
ActivityQuickEdit,1733118805
ActivityQuickEdit,1733202279
ActivityQuickEdit,1733202280
ActivityQuickEdit,1733202281
ActivityQuickEdit,1733202838
ActivityQuickEdit,1733460087
ActivityQuickEdit,1733460088
ActivityQuickEdit,1733460091
ActivityQuickEdit,1733460097
ActivityQuickEdit,1733460104
ActivityQuickEdit,1733460109
ActivityQuickEdit,1733460159
ActivityQuickEdit,1733460163
ActivityQuickEdit,1733460432
ActivityQuickEdit,1733460578
ActivityQuickEdit,1733460589
ActivityQuickEdit,1733460713
MapsRedesignModalUnseen,1717967930
MapRedesignTooltipSavedUnseen,1717967931
MapRedesignTooltipMapOnly,1721025450
HideStartTime,1720151711
ActivityQuickEditADP,1732983474
ActivityQuickEditADP,1732983509
ActivityQuickEditADP,1732983515
ActivityQuickEditADP,1733202280
ActivityQuickEditADP,1733460088
ActivityQuickEditADP,1733460097
GeoSportSpecificHeatmapTwo,1722475387
ProgressTrendAnalysis,1728752909
TermsOfServiceModal2024,1728099106
NewAthleteIntelligenceCalculations,1733460094
NewAthleteIntelligenceCalculations,1733460104
AthleteIntelligenceActivityEdits,1727877473
AthleteIntelligenceActivityEdits,1728092082
AthleteIntelligenceActivityEdits,1728092098
AthleteIntelligenceActivityEdits,1728240523
AthleteIntelligenceActivityEdits,1728441662
AthleteIntelligenceActivityEdits,1728956621
AthleteIntelligenceActivityEdits,1728956633
AthleteIntelligenceActivityEdits,1728956640
AthleteIntelligenceActivityEdits,1729377682
AthleteIntelligenceActivityEdits,1729377697
AthleteIntelligenceActivityEdits,1729377706
AthleteIntelligenceActivityEdits,1729616016
AthleteIntelligenceActivityEdits,1729616025
AthleteIntelligenceActivityEdits,1729616032
AthleteIntelligenceActivityEdits,1729987715
AthleteIntelligenceActivityEdits,1729987726
AthleteIntelligenceActivityEdits,1730161343
AthleteIntelligenceActivityEdits,1730161353
AthleteIntelligenceActivityEdits,1730161362
AthleteIntelligenceActivityEdits,1730507754
AthleteIntelligenceActivityEdits,1730507765
AthleteIntelligenceActivityEdits,1730507767
AthleteIntelligenceActivityEdits,1730507799
AthleteIntelligenceActivityEdits,1730507807
AthleteIntelligenceActivityEdits,1730770228
AthleteIntelligenceActivityEdits,1730770238
AthleteIntelligenceActivityEdits,1730770240
AthleteIntelligenceActivityEdits,1730950210
AthleteIntelligenceActivityEdits,1730950218
AthleteIntelligenceActivityEdits,1730950221
AthleteIntelligenceActivityEdits,1731559448
AthleteIntelligenceActivityEdits,1731559461
AthleteIntelligenceActivityEdits,1731559469
AthleteIntelligenceActivityEdits,1731559529
AthleteIntelligenceActivityEdits,1731559541
AthleteIntelligenceActivityEdits,1731559545
AthleteIntelligenceActivityEdits,1731559579
AthleteIntelligenceActivityEdits,1731559593
AthleteIntelligenceActivityEdits,1731559599
AthleteIntelligenceActivityEdits,1732328324
AthleteIntelligenceActivityEdits,1732328329
AthleteIntelligenceActivityEdits,1732654003
AthleteIntelligenceActivityEdits,1732654024
AthleteIntelligenceActivityEdits,1732654033
AthleteIntelligenceActivityEdits,1732983473
AthleteIntelligenceActivityEdits,1732983484
AthleteIntelligenceActivityEdits,1732983509
AthleteIntelligenceActivityEdits,1732983528
AthleteIntelligenceActivityEdits,1733202288
AthleteIntelligenceActivityEdits,1733202304
AthleteIntelligenceActivityEdits,1733460094
AthleteIntelligenceActivityEdits,1733460104
AthleteIntelligenceFirstTimeCoachmark,1728441644
AthleteIntelligenceFirstTimeCoachmark,1728441645
NavigationMapsTabMapSettingsFtux,1732654050
ProfileOnHomeCoachmark,1731559439
MapSettingsFtuxFullscreenTakeover,1732654050
SuggestedGoals,1733460087
SuggestedGoals,1733460104
AdpPhaseOneSheetCoachmark,1733202288
AthleteIntelligenceActivityEdits,1733202304
AthleteIntelligenceActivityEdits,1733202304
AthleteIntelligenceActivityEdits,1733202304
AthleteIntelligenceActivityEdits,1733202304
AthleteIntelligenceActivityEdits,1732983484
AthleteIntelligenceActivityEdits,1732983484
AthleteIntelligenceActivityEdits,1732983484
AthleteIntelligenceActivityEdits,1732983484
AthleteIntelligenceActivityEdits,1732328329
AthleteIntelligenceActivityEdits,1732328329
AthleteIntelligenceActivityEdits,1732328329
AthleteIntelligenceActivityEdits,1732328329
AthleteIntelligenceActivityEdits,1731559469
AthleteIntelligenceActivityEdits,1731559469
AthleteIntelligenceActivityEdits,1731559469
AthleteIntelligenceActivityEdits,1731559469
AthleteIntelligenceActivityEdits,1731559599
AthleteIntelligenceActivityEdits,1731559599
AthleteIntelligenceActivityEdits,1731559599
AthleteIntelligenceActivityEdits,1731559599
AthleteIntelligenceActivityEdits,1731559545
AthleteIntelligenceActivityEdits,1731559545
AthleteIntelligenceActivityEdits,1731559545
AthleteIntelligenceActivityEdits,1731559545
AthleteIntelligenceActivityEdits,1730950221
AthleteIntelligenceActivityEdits,1730950221
AthleteIntelligenceActivityEdits,1730950221
AthleteIntelligenceActivityEdits,1730950221
AthleteIntelligenceActivityEdits,1730770240
AthleteIntelligenceActivityEdits,1730770240
AthleteIntelligenceActivityEdits,1730770240
AthleteIntelligenceActivityEdits,1730770240
AthleteIntelligenceActivityEdits,1730507767
AthleteIntelligenceActivityEdits,1730507767
AthleteIntelligenceActivityEdits,1730507767
AthleteIntelligenceActivityEdits,1730507767
AthleteIntelligenceActivityEdits,1730507807
AthleteIntelligenceActivityEdits,1730507807
AthleteIntelligenceActivityEdits,1730507807
AthleteIntelligenceActivityEdits,1730507807
AthleteIntelligenceActivityEdits,1730507807
AthleteIntelligenceActivityEdits,1730161362
AthleteIntelligenceActivityEdits,1730161362
AthleteIntelligenceActivityEdits,1730161362
AthleteIntelligenceActivityEdits,1730161362
AthleteIntelligenceActivityEdits,1729616032
AthleteIntelligenceActivityEdits,1729616032
AthleteIntelligenceActivityEdits,1729616032
AthleteIntelligenceActivityEdits,1729616032
AthleteIntelligenceActivityEdits,1729377706
AthleteIntelligenceActivityEdits,1729377706
AthleteIntelligenceActivityEdits,1729377706
AthleteIntelligenceActivityEdits,1729377706
AthleteIntelligenceActivityEdits,1728956640
AthleteIntelligenceActivityEdits,1728956640
AthleteIntelligenceActivityEdits,1728956640
AthleteIntelligenceActivityEdits,1728956640
AthleteIntelligenceActivityEdits,1728441662
AthleteIntelligenceActivityEdits,1728441662
AthleteIntelligenceActivityEdits,1728441662
AthleteIntelligenceActivityEdits,1728092098
AthleteIntelligenceActivityEdits,1728092098
AthleteIntelligenceActivityEdits,1728092098
AthleteIntelligenceActivityEdits,1728092098
ActivityQuickEdit,1733460713
ActivityQuickEdit,1733460589
ActivityQuickEdit,1733460578
ActivityQuickEdit,1733460432
ActivityQuickEdit,1733460163
ActivityQuickEdit,1733460159
ActivityQuickEdit,1733460109
ActivityQuickEdit,1733460104
ActivityQuickEdit,1733460091
ActivityQuickEdit,1733460087
ActivityQuickEdit,1733460713
ActivityQuickEdit,1733460589
ActivityQuickEdit,1733460578
ActivityQuickEdit,1733460432
ActivityQuickEdit,1733460163
ActivityQuickEdit,1733460159
ActivityQuickEdit,1733460109
ActivityQuickEdit,1733460104
ActivityQuickEdit,1733460091
ActivityQuickEdit,1733460087
ActivityQuickEdit,1733202838
ActivityQuickEdit,1733202281
ActivityQuickEdit,1733202279
ActivityQuickEdit,1733202838
ActivityQuickEdit,1733202281
ActivityQuickEdit,1733202279
ActivityQuickEdit,1733118805
ActivityQuickEdit,1732983528
ActivityQuickEdit,1732983496
ActivityQuickEdit,1733202838
ActivityQuickEdit,1733202281
ActivityQuickEdit,1733202279
ActivityQuickEdit,1733118805
ActivityQuickEdit,1732983528
ActivityQuickEdit,1732983496
ActivityQuickEdit,1732983528
ActivityQuickEdit,1732983496
