Order Number,Plan,Total Price,Created At
8a85d19873,Annual Plan,$59.99,"Jul 20, 2020, 7:41:53 AM"
c40d7a885a,Annual Plan,$59.99,"Jul 20, 2021, 7:01:02 AM"
fc1a6f8ecc,Annual Plan,$59.99,"Jul 20, 2022, 6:49:31 AM"
a4b8f797d2,Annual Plan,$79.99,"Jul 21, 2023, 7:33:02 PM"
977a71de-792c-459e-984e-080433ddc3bf,Annual Plan,"There was an issue exporting, please contact support.","Jul 21, 2024, 7:05:12 PM"
866b73a0-5a15-43c3-987a-4559b378ea15,Annual Plan,"There was an issue exporting, please contact support.","Jul 22, 2024, 7:02:43 PM"
b47fdcc4-d773-451b-afb0-153e7b89b5f2,Annual Plan,"There was an issue exporting, please contact support.","Jul 23, 2024, 7:02:28 PM"
4dc3cbc4-f2d6-4d08-8d4b-6a399103b27b,Annual Plan,"There was an issue exporting, please contact support.","Jul 24, 2024, 7:02:30 PM"
947c71d8-f653-4b2b-9663-4522be604a86,Annual Plan,"There was an issue exporting, please contact support.","Jul 25, 2024, 7:02:30 PM"
2d98dc03-ed55-4231-be82-343ec54e0d96,Annual Plan,$87.03,"Jul 26, 2024, 12:08:12 AM"
